{"cameraMode":{"drawMode":0,"name":"Shaded","section":"Shading Mode"},"sceneLighting":true,"audioPlay":false,"sceneViewState":{"m_AlwaysRefresh":false,"showFog":true,"showSkybox":true,"showFlares":true,"showImageEffects":true,"showParticleSystems":true,"showVisualEffectGraphs":true,"m_FxEnabled":true},"in2DMode":false,"pivot":{"x":9.713642120361329,"y":-137.4883270263672,"z":327.2473449707031},"rotation":{"x":0.37492600083351138,"y":0.0027779925148934128,"z":-0.0011200282024219633,"w":0.9270750880241394},"size":35.44807052612305,"orthographic":false}