{"cameraMode":{"drawMode":0,"name":"Shaded","section":"Shading Mode"},"sceneLighting":false,"audioPlay":false,"sceneViewState":{"m_AlwaysRefresh":false,"showFog":true,"showSkybox":false,"showFlares":true,"showImageEffects":true,"showParticleSystems":true,"showVisualEffectGraphs":true,"m_FxEnabled":true},"in2DMode":false,"pivot":{"x":-6.543079376220703,"y":-149.54209899902345,"z":350.43463134765627},"rotation":{"x":0.18816599249839784,"y":0.013253615237772465,"z":-0.002541658468544483,"w":0.9820566177368164},"size":22.56807518005371,"orthographic":false}